<DATE>	<TIME>	<CLOSE>
2025.03.03	14:30:00	5979.669921875
2025.03.03	14:35:00	5964.7001953125
2025.03.03	14:40:00	5960.580078125
2025.03.03	14:45:00	5954.669921875
2025.03.03	14:50:00	5952.41015625
2025.03.03	14:55:00	5937.0400390625
2025.03.03	15:00:00	5939.1298828125
2025.03.03	15:05:00	5931.9599609375
2025.03.03	15:10:00	5930.93017578125
2025.03.03	15:15:00	5932.830078125
2025.03.03	15:20:00	5944.10986328125
2025.03.03	15:25:00	5952.7099609375
2025.03.03	15:30:00	5952.56982421875
2025.03.03	15:35:00	5948.6201171875
2025.03.03	15:40:00	5962.669921875
2025.03.03	15:45:00	5945.56005859375
2025.03.03	15:50:00	5951.02978515625
2025.03.03	15:55:00	5936.31982421875
2025.03.03	16:00:00	5942.759765625
2025.03.03	16:05:00	5940.66015625
2025.03.03	16:10:00	5944.64990234375
2025.03.03	16:15:00	5948.41015625
2025.03.03	16:20:00	5956.08984375
2025.03.03	16:25:00	5937.18994140625
2025.03.03	16:30:00	5935.2001953125
2025.03.03	16:35:00	5928.8798828125
2025.03.03	16:40:00	5925.22021484375
2025.03.03	16:45:00	5937.77978515625
2025.03.03	16:50:00	5942.06982421875
2025.03.03	16:55:00	5942.77001953125
2025.03.03	17:00:00	5942.89013671875
2025.03.03	17:05:00	5944.14013671875
2025.03.03	17:10:00	5948.35009765625
2025.03.03	17:15:00	5951.41015625
2025.03.03	17:20:00	5951.52001953125
2025.03.03	17:25:00	5949.509765625
2025.03.03	17:30:00	5946.0498046875
2025.03.03	17:35:00	5948.830078125
2025.03.03	17:40:00	5948.509765625
2025.03.03	17:45:00	5944.56982421875
2025.03.03	17:50:00	5935.43994140625
2025.03.03	17:55:00	5931.93017578125
2025.03.03	18:00:00	5926.06982421875
2025.03.03	18:05:00	5911.4599609375
2025.03.03	18:10:00	5904.27978515625
2025.03.03	18:15:00	5908.4599609375
2025.03.03	18:20:00	5911.85009765625
2025.03.03	18:25:00	5892.6298828125
2025.03.03	18:30:00	5889.2998046875
2025.03.03	18:35:00	5888.43017578125
2025.03.03	18:40:00	5895.580078125
2025.03.03	18:45:00	5898.830078125
2025.03.03	18:50:00	5899.0498046875
2025.03.03	18:55:00	5903.52978515625
2025.03.03	19:00:00	5909.1201171875
2025.03.03	19:05:00	5909.60009765625
2025.03.03	19:10:00	5905.330078125
2025.03.03	19:15:00	5897.080078125
2025.03.03	19:20:00	5900.85009765625
2025.03.03	19:25:00	5896.580078125
2025.03.03	19:30:00	5906.75
2025.03.03	19:35:00	5907.7900390625
2025.03.03	19:40:00	5914.1201171875
2025.03.03	19:45:00	5897.93994140625
2025.03.03	19:50:00	5879.580078125
2025.03.03	19:55:00	5872.3701171875
2025.03.03	20:00:00	5855.47021484375
2025.03.03	20:05:00	5847.58984375
2025.03.03	20:10:00	5840.3701171875
2025.03.03	20:15:00	5837.89013671875
2025.03.03	20:20:00	5829.93994140625
2025.03.03	20:25:00	5823.27001953125
2025.03.03	20:30:00	5824.85009765625
2025.03.03	20:35:00	5816.7998046875
2025.03.03	20:40:00	5818.8701171875
2025.03.03	20:45:00	5830.35009765625
2025.03.03	20:50:00	5835.18994140625
2025.03.03	20:55:00	5851.330078125
2025.03.04	14:30:00	5794.41015625
2025.03.04	14:35:00	5801.080078125
2025.03.04	14:40:00	5794.0400390625
2025.03.04	14:45:00	5790.60986328125
2025.03.04	14:50:00	5780.0
2025.03.04	14:55:00	5767.27001953125
2025.03.04	15:00:00	5766.18994140625
2025.03.04	15:05:00	5756.35009765625
2025.03.04	15:10:00	5757.10986328125
2025.03.04	15:15:00	5737.0
2025.03.04	15:20:00	5743.56005859375
2025.03.04	15:25:00	5756.580078125
2025.03.04	15:30:00	5765.2998046875
2025.03.04	15:35:00	5758.85986328125
2025.03.04	15:40:00	5762.8701171875
2025.03.04	15:45:00	5760.58984375
2025.03.04	15:50:00	5747.919921875
2025.03.04	15:55:00	5751.6201171875
2025.03.04	16:00:00	5749.580078125
2025.03.04	16:05:00	5736.66015625
2025.03.04	16:10:00	5757.06982421875
2025.03.04	16:15:00	5746.52001953125
2025.03.04	16:20:00	5743.52978515625
2025.03.04	16:25:00	5740.77978515625
2025.03.04	16:30:00	5746.9501953125
2025.03.04	16:35:00	5747.52001953125
2025.03.04	16:40:00	5762.06005859375
2025.03.04	16:45:00	5768.39990234375
2025.03.04	16:50:00	5770.669921875
2025.03.04	16:55:00	5770.22021484375
2025.03.04	17:00:00	5774.56982421875
2025.03.04	17:05:00	5767.5400390625
2025.03.04	17:10:00	5773.47998046875
2025.03.04	17:15:00	5778.2900390625
2025.03.04	17:20:00	5782.740234375
2025.03.04	17:25:00	5790.169921875
2025.03.04	17:30:00	5786.1201171875
2025.03.04	17:35:00	5788.68994140625
2025.03.04	17:40:00	5784.43017578125
2025.03.04	17:45:00	5785.77001953125
2025.03.04	17:50:00	5780.919921875
2025.03.04	17:55:00	5776.31005859375
2025.03.04	18:00:00	5780.2998046875
2025.03.04	18:05:00	5796.52001953125
2025.03.04	18:10:00	5809.2001953125
2025.03.04	18:15:00	5797.830078125
2025.03.04	18:20:00	5790.669921875
2025.03.04	18:25:00	5786.8701171875
2025.03.04	18:30:00	5793.58984375
2025.03.04	18:35:00	5797.91015625
2025.03.04	18:40:00	5801.72998046875
2025.03.04	18:45:00	5802.2998046875
2025.03.04	18:50:00	5809.08984375
2025.03.04	18:55:00	5814.27001953125
2025.03.04	19:00:00	5826.91015625
2025.03.04	19:05:00	5833.1298828125
2025.03.04	19:10:00	5827.169921875
2025.03.04	19:15:00	5829.259765625
2025.03.04	19:20:00	5837.7099609375
2025.03.04	19:25:00	5826.1201171875
2025.03.04	19:30:00	5823.31005859375
2025.03.04	19:35:00	5831.0
2025.03.04	19:40:00	5833.72998046875
2025.03.04	19:45:00	5832.81982421875
2025.03.04	19:50:00	5834.759765625
2025.03.04	19:55:00	5840.85009765625
2025.03.04	20:00:00	5836.77978515625
2025.03.04	20:05:00	5842.47021484375
2025.03.04	20:10:00	5846.68994140625
2025.03.04	20:15:00	5851.39990234375
2025.03.04	20:20:00	5864.68994140625
2025.03.04	20:25:00	5851.5
2025.03.04	20:30:00	5820.68017578125
2025.03.04	20:35:00	5813.18017578125
2025.03.04	20:40:00	5811.97021484375
2025.03.04	20:45:00	5795.419921875
2025.03.04	20:50:00	5776.7900390625
2025.03.04	20:55:00	5777.43994140625
2025.03.05	14:30:00	5787.18994140625
2025.03.05	14:35:00	5788.02001953125
2025.03.05	14:40:00	5797.419921875
2025.03.05	14:45:00	5780.9599609375
2025.03.05	14:50:00	5778.3701171875
2025.03.05	14:55:00	5770.85986328125
2025.03.05	15:00:00	5795.85009765625
2025.03.05	15:05:00	5800.8798828125
2025.03.05	15:10:00	5795.27978515625
2025.03.05	15:15:00	5780.75
2025.03.05	15:20:00	5773.7099609375
2025.03.05	15:25:00	5770.7099609375
2025.03.05	15:30:00	5777.60986328125
2025.03.05	15:35:00	5790.68017578125
2025.03.05	15:40:00	5784.25
2025.03.05	15:45:00	5778.66015625
2025.03.05	15:50:00	5785.490234375
2025.03.05	15:55:00	5781.1201171875
2025.03.05	16:00:00	5770.85009765625
2025.03.05	16:05:00	5765.580078125
2025.03.05	16:10:00	5760.7900390625
2025.03.05	16:15:00	5754.2998046875
2025.03.05	16:20:00	5759.14990234375
2025.03.05	16:25:00	5759.89990234375
2025.03.05	16:30:00	5747.169921875
2025.03.05	16:35:00	5755.1298828125
2025.03.05	16:40:00	5744.81982421875
2025.03.05	16:45:00	5749.3798828125
2025.03.05	16:50:00	5751.3798828125
2025.03.05	16:55:00	5771.0498046875
2025.03.05	17:00:00	5772.27978515625
2025.03.05	17:05:00	5778.14013671875
2025.03.05	17:10:00	5776.31982421875
2025.03.05	17:15:00	5781.10986328125
2025.03.05	17:20:00	5791.72021484375
2025.03.05	17:25:00	5798.35986328125
2025.03.05	17:30:00	5800.08984375
2025.03.05	17:35:00	5803.759765625
2025.03.05	17:40:00	5803.43017578125
2025.03.05	17:45:00	5802.4599609375
2025.03.05	17:50:00	5813.080078125
2025.03.05	17:55:00	5819.2900390625
2025.03.05	18:00:00	5819.64013671875
2025.03.05	18:05:00	5792.97021484375
2025.03.05	18:10:00	5805.91015625
2025.03.05	18:15:00	5807.6298828125
2025.03.05	18:20:00	5807.2001953125
2025.03.05	18:25:00	5803.93994140625
2025.03.05	18:30:00	5799.669921875
2025.03.05	18:35:00	5803.8701171875
2025.03.05	18:40:00	5797.31005859375
2025.03.05	18:45:00	5812.35986328125
2025.03.05	18:50:00	5817.0498046875
2025.03.05	18:55:00	5826.02001953125
2025.03.05	19:00:00	5834.6298828125
2025.03.05	19:05:00	5849.6201171875
2025.03.05	19:10:00	5851.6201171875
2025.03.05	19:15:00	5839.509765625
2025.03.05	19:20:00	5850.2900390625
2025.03.05	19:25:00	5839.56982421875
2025.03.05	19:30:00	5843.77978515625
2025.03.05	19:35:00	5841.83984375
2025.03.05	19:40:00	5840.56005859375
2025.03.05	19:45:00	5847.85009765625
2025.03.05	19:50:00	5849.31982421875
2025.03.05	19:55:00	5842.64013671875
2025.03.05	20:00:00	5855.33984375
2025.03.05	20:05:00	5858.89013671875
2025.03.05	20:10:00	5858.25
2025.03.05	20:15:00	5843.64013671875
2025.03.05	20:20:00	5842.330078125
2025.03.05	20:25:00	5853.64013671875
2025.03.05	20:30:00	5844.35986328125
2025.03.05	20:35:00	5846.330078125
2025.03.05	20:40:00	5848.91015625
2025.03.05	20:45:00	5843.02001953125
2025.03.05	20:50:00	5847.93994140625
2025.03.05	20:55:00	5840.9501953125
2025.03.06	14:30:00	5762.33984375
2025.03.06	14:35:00	5759.93994140625
2025.03.06	14:40:00	5749.60009765625
2025.03.06	14:45:00	5758.31982421875
2025.03.06	14:50:00	5760.85986328125
2025.03.06	14:55:00	5755.919921875
2025.03.06	15:00:00	5774.14013671875
2025.03.06	15:05:00	5785.60009765625
2025.03.06	15:10:00	5786.5400390625
2025.03.06	15:15:00	5792.18017578125
2025.03.06	15:20:00	5793.25
2025.03.06	15:25:00	5796.35986328125
2025.03.06	15:30:00	5793.52001953125
2025.03.06	15:35:00	5807.47998046875
2025.03.06	15:40:00	5809.68017578125
2025.03.06	15:45:00	5802.66015625
2025.03.06	15:50:00	5789.52978515625
2025.03.06	15:55:00	5798.009765625
2025.03.06	16:00:00	5802.6201171875
2025.03.06	16:05:00	5811.4501953125
2025.03.06	16:10:00	5804.9501953125
2025.03.06	16:15:00	5802.580078125
2025.03.06	16:20:00	5796.08984375
2025.03.06	16:25:00	5797.25
2025.03.06	16:30:00	5802.4501953125
2025.03.06	16:35:00	5782.97998046875
2025.03.06	16:40:00	5778.47021484375
2025.03.06	16:45:00	5775.580078125
2025.03.06	16:50:00	5764.580078125
2025.03.06	16:55:00	5756.240234375
2025.03.06	17:00:00	5744.58984375
2025.03.06	17:05:00	5748.2099609375
2025.03.06	17:10:00	5740.580078125
2025.03.06	17:15:00	5745.5
2025.03.06	17:20:00	5745.06982421875
2025.03.06	17:25:00	5736.6298828125
2025.03.06	17:30:00	5739.68994140625
2025.03.06	17:35:00	5733.25
2025.03.06	17:40:00	5736.68994140625
2025.03.06	17:45:00	5724.10009765625
2025.03.06	17:50:00	5728.66015625
2025.03.06	17:55:00	5741.33984375
2025.03.06	18:00:00	5735.3701171875
2025.03.06	18:05:00	5734.91015625
2025.03.06	18:10:00	5740.2099609375
2025.03.06	18:15:00	5748.7998046875
2025.03.06	18:20:00	5750.72021484375
2025.03.06	18:25:00	5736.080078125
2025.03.06	18:30:00	5736.47021484375
2025.03.06	18:35:00	5722.81005859375
2025.03.06	18:40:00	5721.97998046875
2025.03.06	18:45:00	5728.18994140625
2025.03.06	18:50:00	5732.58984375
2025.03.06	18:55:00	5732.39013671875
2025.03.06	19:00:00	5720.56005859375
2025.03.06	19:05:00	5725.3798828125
2025.03.06	19:10:00	5726.27978515625
2025.03.06	19:15:00	5719.56982421875
2025.03.06	19:20:00	5722.85009765625
2025.03.06	19:25:00	5716.72021484375
2025.03.06	19:30:00	5716.93017578125
2025.03.06	19:35:00	5718.47998046875
2025.03.06	19:40:00	5728.5400390625
2025.03.06	19:45:00	5747.64990234375
2025.03.06	19:50:00	5749.5
2025.03.06	19:55:00	5721.259765625
2025.03.06	20:00:00	5732.33984375
2025.03.06	20:05:00	5734.509765625
2025.03.06	20:10:00	5742.43017578125
2025.03.06	20:15:00	5742.85986328125
2025.03.06	20:20:00	5727.47021484375
2025.03.06	20:25:00	5740.77978515625
2025.03.06	20:30:00	5740.2998046875
2025.03.06	20:35:00	5735.97021484375
2025.03.06	20:40:00	5729.080078125
2025.03.06	20:45:00	5738.66015625
2025.03.06	20:50:00	5743.419921875
2025.03.06	20:55:00	5738.490234375
2025.03.07	14:30:00	5736.14013671875
2025.03.07	14:35:00	5732.27978515625
2025.03.07	14:40:00	5748.16015625
2025.03.07	14:45:00	5763.6298828125
2025.03.07	14:50:00	5767.33984375
2025.03.07	14:55:00	5750.58984375
2025.03.07	15:00:00	5755.25
2025.03.07	15:05:00	5755.60009765625
2025.03.07	15:10:00	5742.0498046875
2025.03.07	15:15:00	5731.759765625
2025.03.07	15:20:00	5742.2001953125
2025.03.07	15:25:00	5732.7998046875
2025.03.07	15:30:00	5709.5400390625
2025.03.07	15:35:00	5700.830078125
2025.03.07	15:40:00	5705.35986328125
2025.03.07	15:45:00	5727.56982421875
2025.03.07	15:50:00	5718.740234375
2025.03.07	15:55:00	5718.22021484375
2025.03.07	16:00:00	5713.4501953125
2025.03.07	16:05:00	5715.06005859375
2025.03.07	16:10:00	5712.64013671875
2025.03.07	16:15:00	5700.14990234375
2025.03.07	16:20:00	5695.0498046875
2025.03.07	16:25:00	5685.080078125
2025.03.07	16:30:00	5685.02978515625
2025.03.07	16:35:00	5681.22998046875
2025.03.07	16:40:00	5680.02978515625
2025.03.07	16:45:00	5674.81982421875
2025.03.07	16:50:00	5672.4599609375
2025.03.07	16:55:00	5679.9501953125
2025.03.07	17:00:00	5684.18994140625
2025.03.07	17:05:00	5674.14990234375
2025.03.07	17:10:00	5678.89013671875
2025.03.07	17:15:00	5670.7900390625
2025.03.07	17:20:00	5684.72998046875
2025.03.07	17:25:00	5689.60986328125
2025.03.07	17:30:00	5703.7001953125
2025.03.07	17:35:00	5705.2099609375
2025.03.07	17:40:00	5722.330078125
2025.03.07	17:45:00	5723.93017578125
2025.03.07	17:50:00	5738.56005859375
2025.03.07	17:55:00	5712.27978515625
2025.03.07	18:00:00	5737.9501953125
2025.03.07	18:05:00	5738.4501953125
2025.03.07	18:10:00	5744.14990234375
2025.03.07	18:15:00	5746.72998046875
2025.03.07	18:20:00	5736.64990234375
2025.03.07	18:25:00	5735.64990234375
2025.03.07	18:30:00	5738.64013671875
2025.03.07	18:35:00	5755.10986328125
2025.03.07	18:40:00	5751.39990234375
2025.03.07	18:45:00	5754.14013671875
2025.03.07	18:50:00	5761.83984375
2025.03.07	18:55:00	5761.75
2025.03.07	19:00:00	5766.47998046875
2025.03.07	19:05:00	5752.18017578125
2025.03.07	19:10:00	5759.97998046875
2025.03.07	19:15:00	5769.009765625
2025.03.07	19:20:00	5781.35009765625
2025.03.07	19:25:00	5775.83984375
2025.03.07	19:30:00	5775.39013671875
2025.03.07	19:35:00	5776.10986328125
2025.03.07	19:40:00	5766.89013671875
2025.03.07	19:45:00	5759.81982421875
2025.03.07	19:50:00	5762.3701171875
2025.03.07	19:55:00	5761.77001953125
2025.03.07	20:00:00	5760.2998046875
2025.03.07	20:05:00	5773.68994140625
2025.03.07	20:10:00	5768.81005859375
2025.03.07	20:15:00	5774.2900390625
2025.03.07	20:20:00	5765.68994140625
2025.03.07	20:25:00	5769.81005859375
2025.03.07	20:30:00	5770.35986328125
2025.03.07	20:35:00	5749.52978515625
2025.03.07	20:40:00	5755.97998046875
2025.03.07	20:45:00	5768.580078125
2025.03.07	20:50:00	5774.259765625
2025.03.07	20:55:00	5769.14990234375
2025.03.10	13:30:00	5678.3701171875
2025.03.10	13:35:00	5691.81005859375
2025.03.10	13:40:00	5700.02001953125
2025.03.10	13:45:00	5692.7900390625
2025.03.10	13:50:00	5678.43994140625
2025.03.10	13:55:00	5681.47998046875
2025.03.10	14:00:00	5666.60986328125
2025.03.10	14:05:00	5666.0
2025.03.10	14:10:00	5671.740234375
2025.03.10	14:15:00	5665.580078125
2025.03.10	14:20:00	5671.52978515625
2025.03.10	14:25:00	5663.10009765625
2025.03.10	14:30:00	5655.14013671875
2025.03.10	14:35:00	5658.1201171875
2025.03.10	14:40:00	5653.85009765625
2025.03.10	14:45:00	5654.72998046875
2025.03.10	14:50:00	5643.52978515625
2025.03.10	14:55:00	5647.7900390625
2025.03.10	15:00:00	5654.58984375
2025.03.10	15:05:00	5660.830078125
2025.03.10	15:10:00	5659.89013671875
2025.03.10	15:15:00	5650.740234375
2025.03.10	15:20:00	5657.85009765625
2025.03.10	15:25:00	5659.16015625
2025.03.10	15:30:00	5668.0
2025.03.10	15:35:00	5663.81005859375
2025.03.10	15:40:00	5647.27001953125
2025.03.10	15:45:00	5659.0
2025.03.10	15:50:00	5654.35009765625
2025.03.10	15:55:00	5646.66015625
2025.03.10	16:00:00	5643.60986328125
2025.03.10	16:05:00	5643.5498046875
2025.03.10	16:10:00	5653.0400390625
2025.03.10	16:15:00	5639.64990234375
2025.03.10	16:20:00	5638.18017578125
2025.03.10	16:25:00	5644.93994140625
2025.03.10	16:30:00	5657.9599609375
2025.03.10	16:35:00	5635.740234375
2025.03.10	16:40:00	5637.33984375
2025.03.10	16:45:00	5639.580078125
2025.03.10	16:50:00	5642.0400390625
2025.03.10	16:55:00	5637.64013671875
2025.03.10	17:00:00	5628.85009765625
2025.03.10	17:05:00	5626.2099609375
2025.03.10	17:10:00	5627.85009765625
2025.03.10	17:15:00	5629.85986328125
2025.03.10	17:20:00	5635.06982421875
2025.03.10	17:25:00	5626.2998046875
2025.03.10	17:30:00	5620.2001953125
2025.03.10	17:35:00	5617.89990234375
2025.03.10	17:40:00	5615.85009765625
2025.03.10	17:45:00	5613.0498046875
2025.03.10	17:50:00	5618.27978515625
2025.03.10	17:55:00	5612.419921875
2025.03.10	18:00:00	5608.52001953125
2025.03.10	18:05:00	5608.97998046875
2025.03.10	18:10:00	5612.10986328125
2025.03.10	18:15:00	5610.43994140625
2025.03.10	18:20:00	5610.14013671875
2025.03.10	18:25:00	5605.89013671875
2025.03.10	18:30:00	5607.08984375
2025.03.10	18:35:00	5601.0400390625
2025.03.10	18:40:00	5600.22998046875
2025.03.10	18:45:00	5598.08984375
2025.03.10	18:50:00	5589.509765625
2025.03.10	18:55:00	5580.4599609375
2025.03.10	19:00:00	5575.97998046875
2025.03.10	19:05:00	5567.93994140625
2025.03.10	19:10:00	5583.91015625
2025.03.10	19:15:00	5596.18994140625
2025.03.10	19:20:00	5606.6201171875
2025.03.10	19:25:00	5605.02978515625
2025.03.10	19:30:00	5628.5
2025.03.10	19:35:00	5621.33984375
2025.03.10	19:40:00	5600.1201171875
2025.03.10	19:45:00	5611.31982421875
2025.03.10	19:50:00	5610.22998046875
2025.03.10	19:55:00	5615.0
2025.03.11	13:30:00	5597.25
2025.03.11	13:35:00	5615.35009765625
2025.03.11	13:40:00	5615.56982421875
2025.03.11	13:45:00	5624.009765625
2025.03.11	13:50:00	5606.22021484375
2025.03.11	13:55:00	5605.39013671875
2025.03.11	14:00:00	5577.43994140625
2025.03.11	14:05:00	5606.16015625
2025.03.11	14:10:00	5588.4599609375
2025.03.11	14:15:00	5590.3798828125
2025.03.11	14:20:00	5578.169921875
2025.03.11	14:25:00	5567.41015625
2025.03.11	14:30:00	5567.60009765625
2025.03.11	14:35:00	5554.77001953125
2025.03.11	14:40:00	5560.72998046875
2025.03.11	14:45:00	5556.39990234375
2025.03.11	14:50:00	5577.72021484375
2025.03.11	14:55:00	5556.419921875
2025.03.11	15:00:00	5556.97021484375
2025.03.11	15:05:00	5588.509765625
2025.03.11	15:10:00	5590.18017578125
2025.03.11	15:15:00	5592.1298828125
2025.03.11	15:20:00	5581.39013671875
2025.03.11	15:25:00	5580.27001953125
2025.03.11	15:30:00	5591.43994140625
2025.03.11	15:35:00	5592.7998046875
2025.03.11	15:40:00	5602.60986328125
2025.03.11	15:45:00	5600.4501953125
2025.03.11	15:50:00	5598.7900390625
2025.03.11	15:55:00	5579.97021484375
2025.03.11	16:00:00	5578.43994140625
2025.03.11	16:05:00	5568.77978515625
2025.03.11	16:10:00	5557.7998046875
2025.03.11	16:15:00	5563.77001953125
2025.03.11	16:20:00	5567.509765625
2025.03.11	16:25:00	5566.93994140625
2025.03.11	16:30:00	5572.89013671875
2025.03.11	16:35:00	5563.25
2025.03.11	16:40:00	5561.7099609375
2025.03.11	16:45:00	5564.81982421875
2025.03.11	16:50:00	5553.22998046875
2025.03.11	16:55:00	5551.10986328125
2025.03.11	17:00:00	5544.56005859375
2025.03.11	17:05:00	5545.06982421875
2025.03.11	17:10:00	5542.33984375
2025.03.11	17:15:00	5545.080078125
2025.03.11	17:20:00	5535.77001953125
2025.03.11	17:25:00	5530.06982421875
2025.03.11	17:30:00	5532.6201171875
2025.03.11	17:35:00	5536.7900390625
2025.03.11	17:40:00	5546.02978515625
2025.03.11	17:45:00	5556.18994140625
2025.03.11	17:50:00	5555.31982421875
2025.03.11	17:55:00	5549.7001953125
2025.03.11	18:00:00	5571.81982421875
2025.03.11	18:05:00	5575.10986328125
2025.03.11	18:10:00	5586.10009765625
2025.03.11	18:15:00	5584.8701171875
2025.03.11	18:20:00	5593.22998046875
2025.03.11	18:25:00	5592.7099609375
2025.03.11	18:30:00	5585.8798828125
2025.03.11	18:35:00	5594.52001953125
2025.03.11	18:40:00	5614.330078125
2025.03.11	18:45:00	5620.009765625
2025.03.11	18:50:00	5629.740234375
2025.03.11	18:55:00	5623.52001953125
2025.03.11	19:00:00	5616.2900390625
2025.03.11	19:05:00	5626.16015625
2025.03.11	19:10:00	5611.759765625
2025.03.11	19:15:00	5605.4599609375
2025.03.11	19:20:00	5597.4501953125
2025.03.11	19:25:00	5604.31005859375
2025.03.11	19:30:00	5601.580078125
2025.03.11	19:35:00	5598.91015625
2025.03.11	19:40:00	5603.47021484375
2025.03.11	19:45:00	5607.580078125
2025.03.11	19:50:00	5588.6298828125
2025.03.11	19:55:00	5571.7900390625
2025.03.12	13:30:00	5633.8798828125
2025.03.12	13:35:00	5633.14013671875
2025.03.12	13:40:00	5613.91015625
2025.03.12	13:45:00	5611.0400390625
2025.03.12	13:50:00	5606.06005859375
2025.03.12	13:55:00	5603.3798828125
2025.03.12	14:00:00	5601.4599609375
2025.03.12	14:05:00	5611.0400390625
2025.03.12	14:10:00	5602.39990234375
2025.03.12	14:15:00	5599.9599609375
2025.03.12	14:20:00	5593.0400390625
2025.03.12	14:25:00	5599.3798828125
2025.03.12	14:30:00	5583.2900390625
2025.03.12	14:35:00	5579.7001953125
2025.03.12	14:40:00	5573.080078125
2025.03.12	14:45:00	5569.7998046875
2025.03.12	14:50:00	5582.14013671875
2025.03.12	14:55:00	5563.27978515625
2025.03.12	15:00:00	5556.39990234375
2025.03.12	15:05:00	5553.64990234375
2025.03.12	15:10:00	5557.43017578125
2025.03.12	15:15:00	5565.27978515625
2025.03.12	15:20:00	5571.60986328125
2025.03.12	15:25:00	5577.43994140625
2025.03.12	15:30:00	5580.10009765625
2025.03.12	15:35:00	5587.08984375
2025.03.12	15:40:00	5587.7099609375
2025.03.12	15:45:00	5594.509765625
2025.03.12	15:50:00	5598.0
2025.03.12	15:55:00	5599.85986328125
2025.03.12	16:00:00	5594.68017578125
2025.03.12	16:05:00	5605.830078125
2025.03.12	16:10:00	5608.85986328125
2025.03.12	16:15:00	5612.18017578125
2025.03.12	16:20:00	5615.330078125
2025.03.12	16:25:00	5611.0
2025.03.12	16:30:00	5619.240234375
2025.03.12	16:35:00	5613.35009765625
2025.03.12	16:40:00	5597.5498046875
2025.03.12	16:45:00	5615.35986328125
2025.03.12	16:50:00	5612.27001953125
2025.03.12	16:55:00	5599.77001953125
2025.03.12	17:00:00	5601.27978515625
2025.03.12	17:05:00	5607.89990234375
2025.03.12	17:10:00	5613.31005859375
2025.03.12	17:15:00	5612.2900390625
2025.03.12	17:20:00	5619.47998046875
2025.03.12	17:25:00	5622.47998046875
2025.03.12	17:30:00	5619.7998046875
2025.03.12	17:35:00	5618.990234375
2025.03.12	17:40:00	5616.14013671875
2025.03.12	17:45:00	5612.52001953125
2025.03.12	17:50:00	5602.33984375
2025.03.12	17:55:00	5587.740234375
2025.03.12	18:00:00	5595.419921875
2025.03.12	18:05:00	5592.6201171875
2025.03.12	18:10:00	5602.6298828125
2025.03.12	18:15:00	5605.08984375
2025.03.12	18:20:00	5604.10986328125
2025.03.12	18:25:00	5610.169921875
2025.03.12	18:30:00	5613.02978515625
2025.03.12	18:35:00	5611.9501953125
2025.03.12	18:40:00	5620.0400390625
2025.03.12	18:45:00	5624.64013671875
2025.03.12	18:50:00	5618.5498046875
2025.03.12	18:55:00	5620.7099609375
2025.03.12	19:00:00	5614.5498046875
2025.03.12	19:05:00	5614.85009765625
2025.03.12	19:10:00	5610.47021484375
2025.03.12	19:15:00	5611.7998046875
2025.03.12	19:20:00	5603.919921875
2025.03.12	19:25:00	5605.009765625
2025.03.12	19:30:00	5603.7900390625
2025.03.12	19:35:00	5599.85009765625
2025.03.12	19:40:00	5601.35009765625
2025.03.12	19:45:00	5604.490234375
2025.03.12	19:50:00	5602.7900390625
2025.03.12	19:55:00	5598.27978515625
2025.03.13	13:30:00	5591.47021484375
2025.03.13	13:35:00	5588.7998046875
2025.03.13	13:40:00	5579.97998046875
2025.03.13	13:45:00	5576.08984375
2025.03.13	13:50:00	5563.2001953125
2025.03.13	13:55:00	5557.740234375
2025.03.13	14:00:00	5563.66015625
2025.03.13	14:05:00	5572.18994140625
2025.03.13	14:10:00	5582.97021484375
2025.03.13	14:15:00	5590.64013671875
2025.03.13	14:20:00	5592.14990234375
2025.03.13	14:25:00	5579.22021484375
2025.03.13	14:30:00	5579.97998046875
2025.03.13	14:35:00	5571.7099609375
2025.03.13	14:40:00	5571.740234375
2025.03.13	14:45:00	5568.4501953125
2025.03.13	14:50:00	5575.31982421875
2025.03.13	14:55:00	5567.93017578125
2025.03.13	15:00:00	5573.64013671875
2025.03.13	15:05:00	5559.2001953125
2025.03.13	15:10:00	5557.4599609375
2025.03.13	15:15:00	5557.56982421875
2025.03.13	15:20:00	5557.97998046875
2025.03.13	15:25:00	5550.91015625
2025.03.13	15:30:00	5551.02978515625
2025.03.13	15:35:00	5536.7099609375
2025.03.13	15:40:00	5550.97021484375
2025.03.13	15:45:00	5549.919921875
2025.03.13	15:50:00	5537.2099609375
2025.03.13	15:55:00	5531.60009765625
2025.03.13	16:00:00	5539.68994140625
2025.03.13	16:05:00	5544.990234375
2025.03.13	16:10:00	5537.27978515625
2025.03.13	16:15:00	5537.93994140625
2025.03.13	16:20:00	5533.5498046875
2025.03.13	16:25:00	5533.5
2025.03.13	16:30:00	5545.68017578125
2025.03.13	16:35:00	5551.08984375
2025.03.13	16:40:00	5539.66015625
2025.03.13	16:45:00	5527.18994140625
2025.03.13	16:50:00	5529.27978515625
2025.03.13	16:55:00	5532.72998046875
2025.03.13	17:00:00	5535.60009765625
2025.03.13	17:05:00	5528.43017578125
2025.03.13	17:10:00	5522.9501953125
2025.03.13	17:15:00	5512.919921875
2025.03.13	17:20:00	5516.02001953125
2025.03.13	17:25:00	5519.16015625
2025.03.13	17:30:00	5510.8701171875
2025.03.13	17:35:00	5508.97021484375
2025.03.13	17:40:00	5507.35986328125
2025.03.13	17:45:00	5506.7998046875
2025.03.13	17:50:00	5515.60009765625
2025.03.13	17:55:00	5507.6298828125
2025.03.13	18:00:00	5521.58984375
2025.03.13	18:05:00	5525.93017578125
2025.03.13	18:10:00	5536.7998046875
2025.03.13	18:15:00	5529.169921875
2025.03.13	18:20:00	5533.47998046875
2025.03.13	18:25:00	5537.27001953125
2025.03.13	18:30:00	5538.85009765625
2025.03.13	18:35:00	5543.41015625
2025.03.13	18:40:00	5548.330078125
2025.03.13	18:45:00	5548.97021484375
2025.03.13	18:50:00	5542.43994140625
2025.03.13	18:55:00	5546.7900390625
2025.03.13	19:00:00	5542.75
2025.03.13	19:05:00	5532.8701171875
2025.03.13	19:10:00	5536.47998046875
2025.03.13	19:15:00	5538.990234375
2025.03.13	19:20:00	5533.85009765625
2025.03.13	19:25:00	5522.25
2025.03.13	19:30:00	5526.330078125
2025.03.13	19:35:00	5512.08984375
2025.03.13	19:40:00	5518.580078125
2025.03.13	19:45:00	5519.64990234375
2025.03.13	19:50:00	5516.43017578125
2025.03.13	19:55:00	5521.56005859375
2025.03.14	13:30:00	5574.64013671875
2025.03.14	13:35:00	5584.7998046875
2025.03.14	13:40:00	5589.68017578125
2025.03.14	13:45:00	5598.02978515625
2025.03.14	13:50:00	5603.22998046875
2025.03.14	13:55:00	5589.5
2025.03.14	14:00:00	5585.0498046875
2025.03.14	14:05:00	5579.35986328125
2025.03.14	14:10:00	5574.64013671875
2025.03.14	14:15:00	5575.919921875
2025.03.14	14:20:00	5581.58984375
2025.03.14	14:25:00	5576.02001953125
2025.03.14	14:30:00	5582.5
2025.03.14	14:35:00	5592.6201171875
2025.03.14	14:40:00	5593.31982421875
2025.03.14	14:45:00	5596.10986328125
2025.03.14	14:50:00	5597.39990234375
2025.03.14	14:55:00	5608.33984375
2025.03.14	15:00:00	5612.1298828125
2025.03.14	15:05:00	5608.77001953125
2025.03.14	15:10:00	5610.06005859375
2025.03.14	15:15:00	5616.4501953125
2025.03.14	15:20:00	5619.47998046875
2025.03.14	15:25:00	5617.39013671875
2025.03.14	15:30:00	5622.830078125
2025.03.14	15:35:00	5625.2998046875
2025.03.14	15:40:00	5629.77001953125
2025.03.14	15:45:00	5624.47998046875
2025.03.14	15:50:00	5624.75
2025.03.14	15:55:00	5627.509765625
2025.03.14	16:00:00	5623.43994140625
2025.03.14	16:05:00	5618.35009765625
2025.03.14	16:10:00	5615.009765625
2025.03.14	16:15:00	5611.9501953125
2025.03.14	16:20:00	5616.93994140625
2025.03.14	16:25:00	5609.39013671875
2025.03.14	16:30:00	5612.66015625
2025.03.14	16:35:00	5617.759765625
2025.03.14	16:40:00	5623.5400390625
2025.03.14	16:45:00	5623.2998046875
2025.03.14	16:50:00	5629.27978515625
2025.03.14	16:55:00	5627.18994140625
2025.03.14	17:00:00	5627.33984375
2025.03.14	17:05:00	5631.25
2025.03.14	17:10:00	5625.9599609375
2025.03.14	17:15:00	5624.89990234375
2025.03.14	17:20:00	5624.02978515625
2025.03.14	17:25:00	5621.47021484375
2025.03.14	17:30:00	5618.93017578125
2025.03.14	17:35:00	5620.97021484375
2025.03.14	17:40:00	5615.06982421875
2025.03.14	17:45:00	5613.83984375
2025.03.14	17:50:00	5620.06982421875
2025.03.14	17:55:00	5613.0400390625
2025.03.14	18:00:00	5620.919921875
2025.03.14	18:05:00	5619.77001953125
2025.03.14	18:10:00	5614.93017578125
2025.03.14	18:15:00	5614.39013671875
2025.03.14	18:20:00	5610.27001953125
2025.03.14	18:25:00	5613.740234375
2025.03.14	18:30:00	5622.3798828125
2025.03.14	18:35:00	5628.10986328125
2025.03.14	18:40:00	5626.7900390625
2025.03.14	18:45:00	5628.009765625
2025.03.14	18:50:00	5625.3798828125
2025.03.14	18:55:00	5624.490234375
2025.03.14	19:00:00	5627.89990234375
2025.03.14	19:05:00	5630.4501953125
2025.03.14	19:10:00	5633.740234375
2025.03.14	19:15:00	5629.91015625
2025.03.14	19:20:00	5628.259765625
2025.03.14	19:25:00	5625.240234375
2025.03.14	19:30:00	5628.10009765625
2025.03.14	19:35:00	5623.47998046875
2025.03.14	19:40:00	5626.58984375
2025.03.14	19:45:00	5631.77001953125
2025.03.14	19:50:00	5641.5498046875
2025.03.14	19:55:00	5636.85986328125
2025.03.17	13:30:00	5650.43017578125
2025.03.17	13:35:00	5663.0400390625
2025.03.17	13:40:00	5665.93994140625
2025.03.17	13:45:00	5654.58984375
2025.03.17	13:50:00	5667.39013671875
2025.03.17	13:55:00	5663.22998046875
2025.03.17	14:00:00	5653.81982421875
2025.03.17	14:05:00	5659.89990234375
2025.03.17	14:10:00	5667.330078125
2025.03.17	14:15:00	5664.5
2025.03.17	14:20:00	5664.830078125
2025.03.17	14:25:00	5652.419921875
2025.03.17	14:30:00	5652.02001953125
2025.03.17	14:35:00	5659.43017578125
2025.03.17	14:40:00	5661.81982421875
2025.03.17	14:45:00	5660.66015625
2025.03.17	14:50:00	5651.740234375
2025.03.17	14:55:00	5645.7099609375
2025.03.17	15:00:00	5644.8798828125
2025.03.17	15:05:00	5646.1298828125
2025.03.17	15:10:00	5651.3798828125
2025.03.17	15:15:00	5657.66015625
2025.03.17	15:20:00	5655.5400390625
2025.03.17	15:25:00	5648.5498046875
2025.03.17	15:30:00	5638.240234375
2025.03.17	15:35:00	5638.509765625
2025.03.17	15:40:00	5639.5498046875
2025.03.17	15:45:00	5645.009765625
2025.03.17	15:50:00	5648.14013671875
2025.03.17	15:55:00	5644.6298828125
2025.03.17	16:00:00	5648.02978515625
2025.03.17	16:05:00	5655.169921875
2025.03.17	16:10:00	5656.2900390625
2025.03.17	16:15:00	5650.18994140625
2025.03.17	16:20:00	5647.0
2025.03.17	16:25:00	5644.919921875
2025.03.17	16:30:00	5646.56005859375
2025.03.17	16:35:00	5649.83984375
2025.03.17	16:40:00	5644.919921875
2025.03.17	16:45:00	5649.31005859375
2025.03.17	16:50:00	5653.43017578125
2025.03.17	16:55:00	5652.43994140625
2025.03.17	17:00:00	5647.240234375
2025.03.17	17:05:00	5654.60009765625
2025.03.17	17:10:00	5657.56005859375
2025.03.17	17:15:00	5656.77978515625
2025.03.17	17:20:00	5661.25
2025.03.17	17:25:00	5664.18017578125
2025.03.17	17:30:00	5668.22998046875
2025.03.17	17:35:00	5674.759765625
2025.03.17	17:40:00	5675.93994140625
2025.03.17	17:45:00	5675.509765625
2025.03.17	17:50:00	5679.009765625
2025.03.17	17:55:00	5677.75
2025.03.17	18:00:00	5680.27001953125
2025.03.17	18:05:00	5684.2900390625
2025.03.17	18:10:00	5690.39990234375
2025.03.17	18:15:00	5691.56005859375
2025.03.17	18:20:00	5691.43017578125
2025.03.17	18:25:00	5693.6201171875
2025.03.17	18:30:00	5698.2001953125
2025.03.17	18:35:00	5696.66015625
2025.03.17	18:40:00	5696.18017578125
2025.03.17	18:45:00	5701.2900390625
2025.03.17	18:50:00	5701.10009765625
2025.03.17	18:55:00	5698.66015625
2025.03.17	19:00:00	5695.919921875
2025.03.17	19:05:00	5694.8798828125
2025.03.17	19:10:00	5693.6201171875
2025.03.17	19:15:00	5693.25
2025.03.17	19:20:00	5694.35986328125
2025.03.17	19:25:00	5696.919921875
2025.03.17	19:30:00	5693.75
2025.03.17	19:35:00	5693.75
2025.03.17	19:40:00	5695.35009765625
2025.03.17	19:45:00	5693.5
2025.03.17	19:50:00	5686.9599609375
2025.03.17	19:55:00	5676.16015625
2025.03.18	13:30:00	5646.39990234375
2025.03.18	13:35:00	5634.580078125
2025.03.18	13:40:00	5623.14990234375
2025.03.18	13:45:00	5625.2900390625
2025.03.18	13:50:00	5619.39990234375
2025.03.18	13:55:00	5614.10009765625
2025.03.18	14:00:00	5615.18017578125
2025.03.18	14:05:00	5620.5400390625
2025.03.18	14:10:00	5611.27978515625
2025.03.18	14:15:00	5610.64013671875
2025.03.18	14:20:00	5617.669921875
2025.03.18	14:25:00	5619.18994140625
2025.03.18	14:30:00	5620.919921875
2025.03.18	14:35:00	5624.2900390625
2025.03.18	14:40:00	5617.419921875
2025.03.18	14:45:00	5612.14990234375
2025.03.18	14:50:00	5617.22998046875
2025.03.18	14:55:00	5613.8798828125
2025.03.18	15:00:00	5605.7998046875
2025.03.18	15:05:00	5603.7001953125
2025.03.18	15:10:00	5608.89990234375
2025.03.18	15:15:00	5609.14990234375
2025.03.18	15:20:00	5604.669921875
2025.03.18	15:25:00	5606.35986328125
2025.03.18	15:30:00	5607.490234375
2025.03.18	15:35:00	5611.5
2025.03.18	15:40:00	5608.35009765625
2025.03.18	15:45:00	5605.52001953125
2025.03.18	15:50:00	5601.990234375
2025.03.18	15:55:00	5602.259765625
2025.03.18	16:00:00	5607.14990234375
2025.03.18	16:05:00	5607.6201171875
2025.03.18	16:10:00	5614.7001953125
2025.03.18	16:15:00	5609.9501953125
2025.03.18	16:20:00	5613.56982421875
2025.03.18	16:25:00	5621.60986328125
2025.03.18	16:30:00	5619.02978515625
2025.03.18	16:35:00	5619.3701171875
2025.03.18	16:40:00	5607.83984375
2025.03.18	16:45:00	5605.89990234375
2025.03.18	16:50:00	5606.60986328125
2025.03.18	16:55:00	5615.22998046875
2025.03.18	17:00:00	5615.3798828125
2025.03.18	17:05:00	5608.52978515625
2025.03.18	17:10:00	5616.93017578125
2025.03.18	17:15:00	5607.2001953125
2025.03.18	17:20:00	5612.81982421875
2025.03.18	17:25:00	5611.2998046875
2025.03.18	17:30:00	5613.4599609375
2025.03.18	17:35:00	5620.08984375
2025.03.18	17:40:00	5615.02978515625
2025.03.18	17:45:00	5618.43017578125
2025.03.18	17:50:00	5619.35009765625
2025.03.18	17:55:00	5614.35986328125
2025.03.18	18:00:00	5606.6201171875
2025.03.18	18:05:00	5609.740234375
2025.03.18	18:10:00	5604.27001953125
2025.03.18	18:15:00	5610.5
2025.03.18	18:20:00	5616.7998046875
2025.03.18	18:25:00	5611.47998046875
2025.03.18	18:30:00	5612.35009765625
2025.03.18	18:35:00	5618.419921875
2025.03.18	18:40:00	5613.83984375
2025.03.18	18:45:00	5621.91015625
2025.03.18	18:50:00	5622.43994140625
2025.03.18	18:55:00	5620.56005859375
2025.03.18	19:00:00	5618.97998046875
2025.03.18	19:05:00	5614.89013671875
2025.03.18	19:10:00	5617.0498046875
2025.03.18	19:15:00	5621.1298828125
2025.03.18	19:20:00	5620.18994140625
2025.03.18	19:25:00	5617.419921875
2025.03.18	19:30:00	5618.8798828125
2025.03.18	19:35:00	5614.18994140625
2025.03.18	19:40:00	5613.10009765625
2025.03.18	19:45:00	5607.85986328125
2025.03.18	19:50:00	5615.990234375
2025.03.18	19:55:00	5615.3701171875
2025.03.19	13:30:00	5632.10986328125
2025.03.19	13:35:00	5632.47021484375
2025.03.19	13:40:00	5625.2998046875
2025.03.19	13:45:00	5637.509765625
2025.03.19	13:50:00	5648.66015625
2025.03.19	13:55:00	5646.3798828125
2025.03.19	14:00:00	5652.4599609375
2025.03.19	14:05:00	5658.990234375
2025.03.19	14:10:00	5655.14013671875
2025.03.19	14:15:00	5656.31005859375
2025.03.19	14:20:00	5655.2900390625
2025.03.19	14:25:00	5651.68994140625
2025.03.19	14:30:00	5652.72998046875
2025.03.19	14:35:00	5650.2900390625
2025.03.19	14:40:00	5645.39013671875
2025.03.19	14:45:00	5647.2099609375
2025.03.19	14:50:00	5642.1201171875
2025.03.19	14:55:00	5640.490234375
2025.03.19	15:00:00	5645.4501953125
2025.03.19	15:05:00	5651.77978515625
2025.03.19	15:10:00	5652.4599609375
2025.03.19	15:15:00	5643.72021484375
2025.03.19	15:20:00	5650.39013671875
2025.03.19	15:25:00	5652.33984375
2025.03.19	15:30:00	5654.31005859375
2025.03.19	15:35:00	5655.14013671875
2025.03.19	15:40:00	5658.2001953125
2025.03.19	15:45:00	5660.91015625
2025.03.19	15:50:00	5666.8798828125
2025.03.19	15:55:00	5663.72021484375
2025.03.19	16:00:00	5664.080078125
2025.03.19	16:05:00	5665.08984375
2025.03.19	16:10:00	5659.330078125
2025.03.19	16:15:00	5659.31982421875
2025.03.19	16:20:00	5659.35009765625
2025.03.19	16:25:00	5662.2001953125
2025.03.19	16:30:00	5658.47998046875
2025.03.19	16:35:00	5657.10009765625
2025.03.19	16:40:00	5656.85009765625
2025.03.19	16:45:00	5656.08984375
2025.03.19	16:50:00	5659.75
2025.03.19	16:55:00	5655.6201171875
2025.03.19	17:00:00	5653.75
2025.03.19	17:05:00	5648.14990234375
2025.03.19	17:10:00	5642.89990234375
2025.03.19	17:15:00	5643.93994140625
2025.03.19	17:20:00	5643.6201171875
2025.03.19	17:25:00	5639.990234375
2025.03.19	17:30:00	5640.39990234375
2025.03.19	17:35:00	5647.43994140625
2025.03.19	17:40:00	5642.669921875
2025.03.19	17:45:00	5635.6298828125
2025.03.19	17:50:00	5639.85986328125
2025.03.19	17:55:00	5638.39990234375
2025.03.19	18:00:00	5649.7001953125
2025.03.19	18:05:00	5651.81982421875
2025.03.19	18:10:00	5658.6298828125
2025.03.19	18:15:00	5658.91015625
2025.03.19	18:20:00	5658.39990234375
2025.03.19	18:25:00	5652.240234375
2025.03.19	18:30:00	5666.27001953125
2025.03.19	18:35:00	5661.2998046875
2025.03.19	18:40:00	5675.56005859375
2025.03.19	18:45:00	5672.68994140625
2025.03.19	18:50:00	5682.72998046875
2025.03.19	18:55:00	5689.0
2025.03.19	19:00:00	5695.93017578125
2025.03.19	19:05:00	5711.06005859375
2025.03.19	19:10:00	5706.52001953125
2025.03.19	19:15:00	5700.52001953125
2025.03.19	19:20:00	5691.10009765625
2025.03.19	19:25:00	5678.2099609375
2025.03.19	19:30:00	5686.3798828125
2025.03.19	19:35:00	5690.2099609375
2025.03.19	19:40:00	5698.35009765625
2025.03.19	19:45:00	5690.6201171875
2025.03.19	19:50:00	5681.669921875
2025.03.19	19:55:00	5675.27978515625
2025.03.20	13:30:00	5651.509765625
2025.03.20	13:35:00	5652.93994140625
2025.03.20	13:40:00	5657.52978515625
2025.03.20	13:45:00	5661.740234375
2025.03.20	13:50:00	5666.39990234375
2025.03.20	13:55:00	5674.2099609375
2025.03.20	14:00:00	5688.31982421875
2025.03.20	14:05:00	5689.31005859375
2025.03.20	14:10:00	5687.8798828125
2025.03.20	14:15:00	5694.06982421875
2025.03.20	14:20:00	5701.0498046875
2025.03.20	14:25:00	5701.27001953125
2025.03.20	14:30:00	5697.6201171875
2025.03.20	14:35:00	5702.14990234375
2025.03.20	14:40:00	5709.02001953125
2025.03.20	14:45:00	5709.6298828125
2025.03.20	14:50:00	5704.22998046875
2025.03.20	14:55:00	5700.5400390625
2025.03.20	15:00:00	5698.009765625
2025.03.20	15:05:00	5702.33984375
2025.03.20	15:10:00	5702.2998046875
2025.03.20	15:15:00	5695.27001953125
2025.03.20	15:20:00	5697.1201171875
2025.03.20	15:25:00	5697.27978515625
2025.03.20	15:30:00	5687.2998046875
2025.03.20	15:35:00	5689.89013671875
2025.03.20	15:40:00	5696.43994140625
2025.03.20	15:45:00	5699.18017578125
2025.03.20	15:50:00	5698.77001953125
2025.03.20	15:55:00	5687.60009765625
2025.03.20	16:00:00	5691.18994140625
2025.03.20	16:05:00	5686.02001953125
2025.03.20	16:10:00	5685.41015625
2025.03.20	16:15:00	5683.2900390625
2025.03.20	16:20:00	5677.81005859375
2025.03.20	16:25:00	5667.10009765625
2025.03.20	16:30:00	5668.330078125
2025.03.20	16:35:00	5674.14990234375
2025.03.20	16:40:00	5666.5498046875
2025.03.20	16:45:00	5663.2099609375
2025.03.20	16:50:00	5670.3701171875
2025.03.20	16:55:00	5663.68017578125
2025.03.20	17:00:00	5669.22021484375
2025.03.20	17:05:00	5676.240234375
2025.03.20	17:10:00	5674.7099609375
2025.03.20	17:15:00	5671.56005859375
2025.03.20	17:20:00	5663.14990234375
2025.03.20	17:25:00	5652.89013671875
2025.03.20	17:30:00	5659.16015625
2025.03.20	17:35:00	5664.2900390625
2025.03.20	17:40:00	5664.52001953125
2025.03.20	17:45:00	5664.14990234375
2025.03.20	17:50:00	5658.60009765625
2025.03.20	17:55:00	5656.759765625
2025.03.20	18:00:00	5658.93994140625
2025.03.20	18:05:00	5660.56005859375
2025.03.20	18:10:00	5662.9599609375
2025.03.20	18:15:00	5662.10009765625
2025.03.20	18:20:00	5656.0
2025.03.20	18:25:00	5647.18017578125
2025.03.20	18:30:00	5645.169921875
2025.03.20	18:35:00	5652.08984375
2025.03.20	18:40:00	5647.080078125
2025.03.20	18:45:00	5654.14013671875
2025.03.20	18:50:00	5663.2001953125
2025.03.20	18:55:00	5650.14990234375
2025.03.20	19:00:00	5656.35009765625
2025.03.20	19:05:00	5655.31005859375
2025.03.20	19:10:00	5658.330078125
2025.03.20	19:15:00	5662.47998046875
2025.03.20	19:20:00	5665.89013671875
2025.03.20	19:25:00	5652.35986328125
2025.03.20	19:30:00	5657.66015625
2025.03.20	19:35:00	5658.14013671875
2025.03.20	19:40:00	5664.080078125
2025.03.20	19:45:00	5670.10009765625
2025.03.20	19:50:00	5663.68994140625
2025.03.20	19:55:00	5662.06982421875
2025.03.21	13:30:00	5619.0498046875
2025.03.21	13:35:00	5610.64990234375
2025.03.21	13:40:00	5618.509765625
2025.03.21	13:45:00	5620.08984375
2025.03.21	13:50:00	5619.72021484375
2025.03.21	13:55:00	5621.35009765625
2025.03.21	14:00:00	5616.27978515625
2025.03.21	14:05:00	5607.43017578125
2025.03.21	14:10:00	5614.2998046875
2025.03.21	14:15:00	5617.18994140625
2025.03.21	14:20:00	5624.25
2025.03.21	14:25:00	5621.5
2025.03.21	14:30:00	5622.2900390625
2025.03.21	14:35:00	5615.75
2025.03.21	14:40:00	5621.56982421875
2025.03.21	14:45:00	5623.740234375
2025.03.21	14:50:00	5624.97998046875
2025.03.21	14:55:00	5637.509765625
2025.03.21	15:00:00	5635.47021484375
2025.03.21	15:05:00	5637.33984375
2025.03.21	15:10:00	5628.68017578125
2025.03.21	15:15:00	5625.56982421875
2025.03.21	15:20:00	5622.43994140625
2025.03.21	15:25:00	5621.009765625
2025.03.21	15:30:00	5623.77978515625
2025.03.21	15:35:00	5622.56005859375
2025.03.21	15:40:00	5613.919921875
2025.03.21	15:45:00	5617.72998046875
2025.03.21	15:50:00	5617.08984375
2025.03.21	15:55:00	5617.39990234375
2025.03.21	16:00:00	5620.27001953125
2025.03.21	16:05:00	5627.52001953125
2025.03.21	16:10:00	5635.43017578125
2025.03.21	16:15:00	5644.669921875
2025.03.21	16:20:00	5649.4599609375
2025.03.21	16:25:00	5646.77001953125
2025.03.21	16:30:00	5647.81005859375
2025.03.21	16:35:00	5644.27001953125
2025.03.21	16:40:00	5641.81982421875
2025.03.21	16:45:00	5651.18994140625
2025.03.21	16:50:00	5650.25
2025.03.21	16:55:00	5658.81982421875
2025.03.21	17:00:00	5653.68994140625
2025.03.21	17:05:00	5656.259765625
2025.03.21	17:10:00	5650.4501953125
2025.03.21	17:15:00	5646.39990234375
2025.03.21	17:20:00	5650.52978515625
2025.03.21	17:25:00	5643.68017578125
2025.03.21	17:30:00	5643.35009765625
2025.03.21	17:35:00	5650.2099609375
2025.03.21	17:40:00	5653.5400390625
2025.03.21	17:45:00	5658.759765625
2025.03.21	17:50:00	5658.169921875
2025.03.21	17:55:00	5651.75
2025.03.21	18:00:00	5654.35986328125
2025.03.21	18:05:00	5650.9501953125
2025.03.21	18:10:00	5650.22021484375
2025.03.21	18:15:00	5652.5498046875
2025.03.21	18:20:00	5647.009765625
2025.03.21	18:25:00	5643.60986328125
2025.03.21	18:30:00	5646.91015625
2025.03.21	18:35:00	5652.22021484375
2025.03.21	18:40:00	5654.52001953125
2025.03.21	18:45:00	5649.72998046875
2025.03.21	18:50:00	5647.580078125
2025.03.21	18:55:00	5647.919921875
2025.03.21	19:00:00	5642.919921875
2025.03.21	19:05:00	5640.91015625
2025.03.21	19:10:00	5643.169921875
2025.03.21	19:15:00	5643.31982421875
2025.03.21	19:20:00	5645.6298828125
2025.03.21	19:25:00	5642.4501953125
2025.03.21	19:30:00	5642.3798828125
2025.03.21	19:35:00	5644.27978515625
2025.03.21	19:40:00	5645.4501953125
2025.03.21	19:45:00	5646.43994140625
2025.03.21	19:50:00	5658.3701171875
2025.03.21	19:55:00	5666.68017578125
2025.03.24	13:30:00	5731.419921875
2025.03.24	13:35:00	5742.33984375
2025.03.24	13:40:00	5745.240234375
2025.03.24	13:45:00	5750.39990234375
2025.03.24	13:50:00	5750.1298828125
2025.03.24	13:55:00	5750.56982421875
2025.03.24	14:00:00	5748.7900390625
2025.03.24	14:05:00	5744.2001953125
2025.03.24	14:10:00	5751.169921875
2025.03.24	14:15:00	5753.169921875
2025.03.24	14:20:00	5755.27001953125
2025.03.24	14:25:00	5754.18994140625
2025.03.24	14:30:00	5751.97021484375
2025.03.24	14:35:00	5750.58984375
2025.03.24	14:40:00	5751.10009765625
2025.03.24	14:45:00	5758.39013671875
2025.03.24	14:50:00	5758.56005859375
2025.03.24	14:55:00	5758.39013671875
2025.03.24	15:00:00	5758.77001953125
2025.03.24	15:05:00	5760.990234375
2025.03.24	15:10:00	5760.68994140625
2025.03.24	15:15:00	5762.1298828125
2025.03.24	15:20:00	5760.85009765625
2025.03.24	15:25:00	5759.669921875
2025.03.24	15:30:00	5758.77001953125
2025.03.24	15:35:00	5755.009765625
2025.03.24	15:40:00	5756.06982421875
2025.03.24	15:45:00	5755.52001953125
2025.03.24	15:50:00	5760.759765625
2025.03.24	15:55:00	5761.33984375
2025.03.24	16:00:00	5762.3701171875
2025.03.24	16:05:00	5765.41015625
2025.03.24	16:10:00	5764.77001953125
2025.03.24	16:15:00	5761.10986328125
2025.03.24	16:20:00	5764.41015625
2025.03.24	16:25:00	5756.18017578125
2025.03.24	16:30:00	5756.77978515625
2025.03.24	16:35:00	5754.43994140625
2025.03.24	16:40:00	5754.7998046875
2025.03.24	16:45:00	5756.5498046875
2025.03.24	16:50:00	5755.8701171875
2025.03.24	16:55:00	5754.18017578125
2025.03.24	17:00:00	5751.64013671875
2025.03.24	17:05:00	5751.06005859375
2025.03.24	17:10:00	5749.10009765625
2025.03.24	17:15:00	5749.7900390625
2025.03.24	17:20:00	5749.77978515625
2025.03.24	17:25:00	5752.77001953125
2025.03.24	17:30:00	5754.919921875
2025.03.24	17:35:00	5755.72021484375
2025.03.24	17:40:00	5752.60009765625
2025.03.24	17:45:00	5753.68994140625
2025.03.24	17:50:00	5752.77978515625
2025.03.24	17:55:00	5753.3798828125
2025.03.24	18:00:00	5745.4501953125
2025.03.24	18:05:00	5748.1298828125
2025.03.24	18:10:00	5746.06982421875
2025.03.24	18:15:00	5746.97021484375
2025.03.24	18:20:00	5746.27001953125
2025.03.24	18:25:00	5746.419921875
2025.03.24	18:30:00	5745.39013671875
2025.03.24	18:35:00	5751.68994140625
2025.03.24	18:40:00	5756.0400390625
2025.03.24	18:45:00	5755.830078125
2025.03.24	18:50:00	5758.60009765625
2025.03.24	18:55:00	5758.60009765625
2025.03.24	19:00:00	5761.18017578125
2025.03.24	19:05:00	5761.91015625
2025.03.24	19:10:00	5760.3701171875
2025.03.24	19:15:00	5763.35986328125
2025.03.24	19:20:00	5764.2998046875
2025.03.24	19:25:00	5761.89013671875
2025.03.24	19:30:00	5762.669921875
2025.03.24	19:35:00	5763.10986328125
2025.03.24	19:40:00	5764.830078125
2025.03.24	19:45:00	5769.60009765625
2025.03.24	19:50:00	5773.259765625
2025.03.24	19:55:00	5765.14990234375
2025.03.25	13:30:00	5776.06982421875
2025.03.25	13:35:00	5772.60986328125
2025.03.25	13:40:00	5770.93017578125
2025.03.25	13:45:00	5765.56982421875
2025.03.25	13:50:00	5771.33984375
2025.03.25	13:55:00	5770.0
2025.03.25	14:00:00	5765.77978515625
2025.03.25	14:05:00	5771.9501953125
2025.03.25	14:10:00	5773.490234375
2025.03.25	14:15:00	5774.2099609375
2025.03.25	14:20:00	5778.02001953125
2025.03.25	14:25:00	5781.35009765625
2025.03.25	14:30:00	5779.330078125
2025.03.25	14:35:00	5783.7900390625
2025.03.25	14:40:00	5785.330078125
2025.03.25	14:45:00	5783.52001953125
2025.03.25	14:50:00	5783.75
2025.03.25	14:55:00	5783.31982421875
2025.03.25	15:00:00	5782.93994140625
2025.03.25	15:05:00	5784.35986328125
2025.03.25	15:10:00	5782.85009765625
2025.03.25	15:15:00	5781.31982421875
2025.03.25	15:20:00	5781.68017578125
2025.03.25	15:25:00	5780.39990234375
2025.03.25	15:30:00	5777.93017578125
2025.03.25	15:35:00	5777.56982421875
2025.03.25	15:40:00	5778.669921875
2025.03.25	15:45:00	5775.4599609375
2025.03.25	15:50:00	5771.0498046875
2025.03.25	15:55:00	5770.47998046875
2025.03.25	16:00:00	5770.2099609375
2025.03.25	16:05:00	5771.06005859375
2025.03.25	16:10:00	5771.4599609375
2025.03.25	16:15:00	5767.75
2025.03.25	16:20:00	5771.18994140625
2025.03.25	16:25:00	5767.97021484375
2025.03.25	16:30:00	5765.5400390625
2025.03.25	16:35:00	5766.240234375
2025.03.25	16:40:00	5769.2099609375
2025.03.25	16:45:00	5769.16015625
2025.03.25	16:50:00	5772.9599609375
2025.03.25	16:55:00	5771.7998046875
2025.03.25	17:00:00	5775.68017578125
2025.03.25	17:05:00	5777.91015625
2025.03.25	17:10:00	5773.990234375
2025.03.25	17:15:00	5770.2001953125
2025.03.25	17:20:00	5768.2099609375
2025.03.25	17:25:00	5764.3701171875
2025.03.25	17:30:00	5766.72998046875
2025.03.25	17:35:00	5766.259765625
2025.03.25	17:40:00	5768.81005859375
2025.03.25	17:45:00	5765.39013671875
2025.03.25	17:50:00	5766.10986328125
2025.03.25	17:55:00	5764.31005859375
2025.03.25	18:00:00	5764.39990234375
2025.03.25	18:05:00	5766.06982421875
2025.03.25	18:10:00	5769.1201171875
2025.03.25	18:15:00	5770.1201171875
2025.03.25	18:20:00	5769.81982421875
2025.03.25	18:25:00	5766.509765625
2025.03.25	18:30:00	5767.509765625
2025.03.25	18:35:00	5765.27001953125
2025.03.25	18:40:00	5764.169921875
2025.03.25	18:45:00	5762.2900390625
2025.03.25	18:50:00	5763.64013671875
2025.03.25	18:55:00	5762.06982421875
2025.03.25	19:00:00	5766.2900390625
2025.03.25	19:05:00	5767.0498046875
2025.03.25	19:10:00	5764.22998046875
2025.03.25	19:15:00	5766.6298828125
2025.03.25	19:20:00	5767.52001953125
2025.03.25	19:25:00	5764.580078125
2025.03.25	19:30:00	5768.72998046875
2025.03.25	19:35:00	5768.06005859375
2025.03.25	19:40:00	5771.2001953125
2025.03.25	19:45:00	5776.8701171875
2025.03.25	19:50:00	5775.5400390625
2025.03.25	19:55:00	5776.830078125
2025.03.26	13:30:00	5770.2998046875
2025.03.26	13:35:00	5779.31005859375
2025.03.26	13:40:00	5778.91015625
2025.03.26	13:45:00	5770.52001953125
2025.03.26	13:50:00	5765.64990234375
2025.03.26	13:55:00	5758.77978515625
2025.03.26	14:00:00	5760.33984375
2025.03.26	14:05:00	5758.47021484375
2025.03.26	14:10:00	5762.31982421875
2025.03.26	14:15:00	5755.52001953125
2025.03.26	14:20:00	5751.89990234375
2025.03.26	14:25:00	5755.77001953125
2025.03.26	14:30:00	5755.83984375
2025.03.26	14:35:00	5756.43017578125
2025.03.26	14:40:00	5756.64013671875
2025.03.26	14:45:00	5751.2900390625
2025.03.26	14:50:00	5758.85986328125
2025.03.26	14:55:00	5757.18994140625
2025.03.26	15:00:00	5759.60986328125
2025.03.26	15:05:00	5760.10009765625
2025.03.26	15:10:00	5757.97021484375
2025.03.26	15:15:00	5756.5400390625
2025.03.26	15:20:00	5751.08984375
2025.03.26	15:25:00	5745.68017578125
2025.03.26	15:30:00	5746.85009765625
2025.03.26	15:35:00	5748.169921875
2025.03.26	15:40:00	5743.080078125
2025.03.26	15:45:00	5740.1298828125
2025.03.26	15:50:00	5733.75
2025.03.26	15:55:00	5728.93017578125
2025.03.26	16:00:00	5726.5
2025.03.26	16:05:00	5728.2900390625
2025.03.26	16:10:00	5728.830078125
2025.03.26	16:15:00	5726.1201171875
2025.03.26	16:20:00	5726.330078125
2025.03.26	16:25:00	5732.97021484375
2025.03.26	16:30:00	5730.41015625
2025.03.26	16:35:00	5728.83984375
2025.03.26	16:40:00	5726.14013671875
2025.03.26	16:45:00	5730.7900390625
2025.03.26	16:50:00	5722.4599609375
2025.03.26	16:55:00	5716.81982421875
2025.03.26	17:00:00	5718.1201171875
2025.03.26	17:05:00	5719.8798828125
2025.03.26	17:10:00	5721.66015625
2025.03.26	17:15:00	5713.56005859375
2025.03.26	17:20:00	5714.7099609375
2025.03.26	17:25:00	5712.3701171875
2025.03.26	17:30:00	5705.18994140625
2025.03.26	17:35:00	5705.18017578125
2025.03.26	17:40:00	5708.490234375
2025.03.26	17:45:00	5705.8798828125
2025.03.26	17:50:00	5706.35009765625
2025.03.26	17:55:00	5702.830078125
2025.03.26	18:00:00	5705.77978515625
2025.03.26	18:05:00	5708.18994140625
2025.03.26	18:10:00	5712.58984375
2025.03.26	18:15:00	5713.490234375
2025.03.26	18:20:00	5714.8798828125
2025.03.26	18:25:00	5715.259765625
2025.03.26	18:30:00	5710.8701171875
2025.03.26	18:35:00	5709.47021484375
2025.03.26	18:40:00	5704.259765625
2025.03.26	18:45:00	5698.35009765625
2025.03.26	18:50:00	5698.18017578125
2025.03.26	18:55:00	5696.5400390625
2025.03.26	19:00:00	5698.2001953125
2025.03.26	19:05:00	5696.18017578125
2025.03.26	19:10:00	5697.60009765625
2025.03.26	19:15:00	5704.1201171875
2025.03.26	19:20:00	5702.7099609375
2025.03.26	19:25:00	5699.22021484375
2025.03.26	19:30:00	5702.18017578125
2025.03.26	19:35:00	5701.56005859375
2025.03.26	19:40:00	5706.990234375
2025.03.26	19:45:00	5712.240234375
2025.03.26	19:50:00	5716.77001953125
2025.03.26	19:55:00	5712.10986328125
2025.03.27	13:30:00	5684.5498046875
2025.03.27	13:35:00	5675.5400390625
2025.03.27	13:40:00	5676.740234375
2025.03.27	13:45:00	5687.8701171875
2025.03.27	13:50:00	5699.64990234375
2025.03.27	13:55:00	5705.33984375
2025.03.27	14:00:00	5707.41015625
2025.03.27	14:05:00	5705.1298828125
2025.03.27	14:10:00	5711.33984375
2025.03.27	14:15:00	5714.27978515625
2025.03.27	14:20:00	5709.02978515625
2025.03.27	14:25:00	5717.85986328125
2025.03.27	14:30:00	5720.06982421875
2025.03.27	14:35:00	5725.5498046875
2025.03.27	14:40:00	5727.5498046875
2025.03.27	14:45:00	5722.66015625
2025.03.27	14:50:00	5729.81005859375
2025.03.27	14:55:00	5730.66015625
2025.03.27	15:00:00	5729.990234375
2025.03.27	15:05:00	5724.56982421875
2025.03.27	15:10:00	5729.14990234375
2025.03.27	15:15:00	5730.6298828125
2025.03.27	15:20:00	5727.14990234375
2025.03.27	15:25:00	5720.91015625
2025.03.27	15:30:00	5712.43994140625
2025.03.27	15:35:00	5708.85986328125
2025.03.27	15:40:00	5706.47998046875
2025.03.27	15:45:00	5701.39990234375
2025.03.27	15:50:00	5705.759765625
2025.03.27	15:55:00	5701.77978515625
2025.03.27	16:00:00	5706.81005859375
2025.03.27	16:05:00	5714.08984375
2025.03.27	16:10:00	5711.47998046875
2025.03.27	16:15:00	5718.240234375
2025.03.27	16:20:00	5714.919921875
2025.03.27	16:25:00	5708.93017578125
2025.03.27	16:30:00	5710.52001953125
2025.03.27	16:35:00	5708.6298828125
2025.03.27	16:40:00	5709.1201171875
2025.03.27	16:45:00	5698.330078125
2025.03.27	16:50:00	5696.0
2025.03.27	16:55:00	5689.2900390625
2025.03.27	17:00:00	5693.2900390625
2025.03.27	17:05:00	5696.35009765625
2025.03.27	17:10:00	5702.31005859375
2025.03.27	17:15:00	5699.75
2025.03.27	17:20:00	5698.83984375
2025.03.27	17:25:00	5690.47021484375
2025.03.27	17:30:00	5693.740234375
2025.03.27	17:35:00	5692.2099609375
2025.03.27	17:40:00	5689.97998046875
2025.03.27	17:45:00	5696.22998046875
2025.03.27	17:50:00	5687.740234375
2025.03.27	17:55:00	5688.5400390625
2025.03.27	18:00:00	5695.7900390625
2025.03.27	18:05:00	5700.5400390625
2025.03.27	18:10:00	5706.759765625
2025.03.27	18:15:00	5703.830078125
2025.03.27	18:20:00	5701.85009765625
2025.03.27	18:25:00	5701.89013671875
2025.03.27	18:30:00	5703.18017578125
2025.03.27	18:35:00	5706.64990234375
2025.03.27	18:40:00	5707.4599609375
2025.03.27	18:45:00	5711.02001953125
2025.03.27	18:50:00	5711.33984375
2025.03.27	18:55:00	5698.22021484375
2025.03.27	19:00:00	5704.18994140625
2025.03.27	19:05:00	5705.31005859375
2025.03.27	19:10:00	5712.8798828125
2025.03.27	19:15:00	5715.97998046875
2025.03.27	19:20:00	5720.330078125
2025.03.27	19:25:00	5719.89990234375
2025.03.27	19:30:00	5714.85986328125
2025.03.27	19:35:00	5709.10986328125
2025.03.27	19:40:00	5710.39990234375
2025.03.27	19:45:00	5712.60986328125
2025.03.27	19:50:00	5700.72998046875
2025.03.27	19:55:00	5692.35986328125
2025.03.28	13:30:00	5671.85009765625
2025.03.28	13:35:00	5684.10009765625
2025.03.28	13:40:00	5673.72021484375
2025.03.28	13:45:00	5673.52001953125
2025.03.28	13:50:00	5666.10009765625
2025.03.28	13:55:00	5660.93017578125
2025.03.28	14:00:00	5659.9599609375
2025.03.28	14:05:00	5644.509765625
2025.03.28	14:10:00	5635.669921875
2025.03.28	14:15:00	5629.1201171875
2025.03.28	14:20:00	5627.6298828125
2025.03.28	14:25:00	5616.9501953125
2025.03.28	14:30:00	5612.39013671875
2025.03.28	14:35:00	5615.25
2025.03.28	14:40:00	5617.41015625
2025.03.28	14:45:00	5608.68994140625
2025.03.28	14:50:00	5613.0
2025.03.28	14:55:00	5609.7900390625
2025.03.28	15:00:00	5600.47998046875
2025.03.28	15:05:00	5603.580078125
2025.03.28	15:10:00	5611.580078125
2025.03.28	15:15:00	5608.16015625
2025.03.28	15:20:00	5603.8798828125
2025.03.28	15:25:00	5611.10009765625
2025.03.28	15:30:00	5616.83984375
2025.03.28	15:35:00	5618.75
2025.03.28	15:40:00	5612.490234375
2025.03.28	15:45:00	5614.580078125
2025.03.28	15:50:00	5605.9501953125
2025.03.28	15:55:00	5601.33984375
2025.03.28	16:00:00	5605.8798828125
2025.03.28	16:05:00	5604.31982421875
2025.03.28	16:10:00	5603.0498046875
2025.03.28	16:15:00	5591.66015625
2025.03.28	16:20:00	5590.39013671875
2025.03.28	16:25:00	5590.490234375
2025.03.28	16:30:00	5593.5498046875
2025.03.28	16:35:00	5592.419921875
2025.03.28	16:40:00	5591.02978515625
2025.03.28	16:45:00	5593.5
2025.03.28	16:50:00	5595.43017578125
2025.03.28	16:55:00	5587.02978515625
2025.03.28	17:00:00	5584.259765625
2025.03.28	17:05:00	5579.02001953125
2025.03.28	17:10:00	5579.259765625
2025.03.28	17:15:00	5583.56005859375
2025.03.28	17:20:00	5580.33984375
2025.03.28	17:25:00	5575.0498046875
2025.03.28	17:30:00	5576.830078125
2025.03.28	17:35:00	5579.43994140625
2025.03.28	17:40:00	5579.580078125
2025.03.28	17:45:00	5578.58984375
2025.03.28	17:50:00	5577.919921875
2025.03.28	17:55:00	5585.77978515625
2025.03.28	18:00:00	5584.64990234375
2025.03.28	18:05:00	5587.81005859375
2025.03.28	18:10:00	5585.10009765625
2025.03.28	18:15:00	5586.10986328125
2025.03.28	18:20:00	5580.93017578125
2025.03.28	18:25:00	5581.8798828125
2025.03.28	18:30:00	5584.0
2025.03.28	18:35:00	5578.1201171875
2025.03.28	18:40:00	5577.990234375
2025.03.28	18:45:00	5576.85009765625
2025.03.28	18:50:00	5580.0498046875
2025.03.28	18:55:00	5583.89990234375
2025.03.28	19:00:00	5583.6298828125
2025.03.28	19:05:00	5586.91015625
2025.03.28	19:10:00	5584.009765625
2025.03.28	19:15:00	5584.35986328125
2025.03.28	19:20:00	5582.2001953125
2025.03.28	19:25:00	5579.16015625
2025.03.28	19:30:00	5573.169921875
2025.03.28	19:35:00	5576.169921875
2025.03.28	19:40:00	5575.43017578125
2025.03.28	19:45:00	5582.16015625
2025.03.28	19:50:00	5586.02001953125
2025.03.28	19:55:00	5580.27978515625
2025.03.31	13:30:00	5505.919921875
2025.03.31	13:35:00	5509.02001953125
2025.03.31	13:40:00	5493.52001953125
2025.03.31	13:45:00	5496.27978515625
2025.03.31	13:50:00	5513.22021484375
2025.03.31	13:55:00	5518.2900390625
2025.03.31	14:00:00	5526.5400390625
2025.03.31	14:05:00	5534.7900390625
2025.03.31	14:10:00	5530.490234375
2025.03.31	14:15:00	5518.68017578125
2025.03.31	14:20:00	5518.52001953125
2025.03.31	14:25:00	5516.27001953125
2025.03.31	14:30:00	5537.75
2025.03.31	14:35:00	5534.02001953125
2025.03.31	14:40:00	5529.27978515625
2025.03.31	14:45:00	5536.6298828125
2025.03.31	14:50:00	5535.740234375
2025.03.31	14:55:00	5536.14013671875
2025.03.31	15:00:00	5541.6298828125
2025.03.31	15:05:00	5538.14990234375
2025.03.31	15:10:00	5535.33984375
2025.03.31	15:15:00	5542.68017578125
2025.03.31	15:20:00	5553.14013671875
2025.03.31	15:25:00	5546.41015625
2025.03.31	15:30:00	5547.72021484375
2025.03.31	15:35:00	5555.31005859375
2025.03.31	15:40:00	5553.39013671875
2025.03.31	15:45:00	5560.2900390625
2025.03.31	15:50:00	5560.14990234375
2025.03.31	15:55:00	5553.8701171875
2025.03.31	16:00:00	5556.91015625
2025.03.31	16:05:00	5547.4599609375
2025.03.31	16:10:00	5545.66015625
2025.03.31	16:15:00	5554.52978515625
2025.03.31	16:20:00	5553.169921875
2025.03.31	16:25:00	5566.14013671875
2025.03.31	16:30:00	5563.89990234375
2025.03.31	16:35:00	5564.41015625
2025.03.31	16:40:00	5560.31982421875
2025.03.31	16:45:00	5561.35986328125
2025.03.31	16:50:00	5565.009765625
2025.03.31	16:55:00	5554.47998046875
2025.03.31	17:00:00	5559.7099609375
2025.03.31	17:05:00	5569.2900390625
2025.03.31	17:10:00	5569.580078125
2025.03.31	17:15:00	5557.10986328125
2025.03.31	17:20:00	5554.4599609375
2025.03.31	17:25:00	5557.080078125
2025.03.31	17:30:00	5558.33984375
2025.03.31	17:35:00	5561.06005859375
2025.03.31	17:40:00	5551.66015625
2025.03.31	17:45:00	5552.2900390625
2025.03.31	17:50:00	5561.02001953125
2025.03.31	17:55:00	5553.009765625
2025.03.31	18:00:00	5566.6201171875
2025.03.31	18:05:00	5582.75
2025.03.31	18:10:00	5582.77978515625
2025.03.31	18:15:00	5588.8798828125
2025.03.31	18:20:00	5586.169921875
2025.03.31	18:25:00	5590.5
2025.03.31	18:30:00	5593.759765625
2025.03.31	18:35:00	5596.18994140625
2025.03.31	18:40:00	5595.33984375
2025.03.31	18:45:00	5591.06005859375
2025.03.31	18:50:00	5596.81982421875
2025.03.31	18:55:00	5585.64990234375
2025.03.31	19:00:00	5595.64013671875
2025.03.31	19:05:00	5598.93017578125
2025.03.31	19:10:00	5605.58984375
2025.03.31	19:15:00	5604.27001953125
2025.03.31	19:20:00	5608.9599609375
2025.03.31	19:25:00	5595.3798828125
2025.03.31	19:30:00	5609.43994140625
2025.03.31	19:35:00	5607.35986328125
2025.03.31	19:40:00	5615.27001953125
2025.03.31	19:45:00	5611.169921875
2025.03.31	19:50:00	5616.25
2025.03.31	19:55:00	5611.330078125
